{"coverage_all": 99.07149489322192, "coverage_default": 98.30508474576273, "coverage_none": 93.734335839599, "coverage_avg": 97.0}
